{
	"configs" : [
		{
			"remarks" : "服务器搭建",
			"server" : "45.76.170.219",
			"server_port" : 443,
			"password" : "123456789",
			"method" : "aes-256-cfb",
			"obfs" : "plain",
			"obfsparam" : "",
			"remarks_base64" : "5pyN5Yqh5Zmo5pCt5bu6",
			"tcp_over_udp" : false,
			"udp_over_tcp" : false,
			"protocol" : "origin",
			"obfs_udp" : false,
			"enable" : true,
			"id" : "36-C1-99-F2-DC-6E-DE-94-64-C8-F1-52-93-8C-DF-B4"
		},
		{
			"remarks" : "别人",
			"server" : "104.225.147.85",
			"server_port" : 443,
			"password" : "ZjcxZTA0YW",
			"method" : "aes-256-cfb",
			"obfs" : "plain",
			"obfsparam" : "",
			"remarks_base64" : "5Yir5Lq6",
			"tcp_over_udp" : false,
			"udp_over_tcp" : false,
			"protocol" : "origin",
			"obfs_udp" : false,
			"enable" : true,
			"id" : "2F-F5-1C-B4-11-A2-03-F0-7A-7D-23-D6-35-B6-9D-4F"
		},
		{
			"remarks" : "徐俊",
			"server" : "172.96.240.124",
			"server_port" : 443,
			"password" : "NTdkNGU3ZT",
			"method" : "aes-256-cfb",
			"obfs" : "plain",
			"obfsparam" : "",
			"remarks_base64" : "5b6Q5L-K",
			"tcp_over_udp" : false,
			"udp_over_tcp" : false,
			"protocol" : "origin",
			"obfs_udp" : false,
			"enable" : true,
			"id" : "67-C5-50-44-D3-18-C5-41-70-E0-7D-4B-7C-C5-05-63"
		},
		{
			"remarks" : "悠心沐风",
			"server" : "172.93.47.67",
			"server_port" : 443,
			"password" : "YTczNzViZT",
			"method" : "aes-256-cfb",
			"obfs" : "plain",
			"obfsparam" : "",
			"remarks_base64" : "5oKg5b-D5rKQ6aOO",
			"tcp_over_udp" : false,
			"udp_over_tcp" : false,
			"protocol" : "origin",
			"obfs_udp" : false,
			"enable" : true,
			"id" : "E7-5C-18-96-5B-5C-39-4A-D7-54-F8-B7-70-49-0F-28"
		}
	],
	"index" : 1,
	"random" : false,
	"global" : true,
	"enabled" : false,
	"shareOverLan" : false,
	"isDefault" : false,
	"localPort" : 1080,
	"pacUrl" : null,
	"useOnlinePac" : false,
	"reconnectTimes" : 0,
	"randomAlgorithm" : 0,
	"TTL" : 0,
	"socks5enable" : false,
	"socks5Host" : null,
	"socks5Port" : 0,
	"socks5User" : null,
	"socks5Pass" : null,
	"authUser" : null,
	"authPass" : null,
	"autoban" : false,
	"buildinHttpProxy" : false
}